timestep,rollout/ep_rew_mean,train/actor_loss,train/critic_loss,train/ent_coef,train/learning_rate,train/ent_coef_loss
2000,-373.9966,266.367401,250.729645,1.310499,0.0003,-6.523761
4000,-390.8493,837.158997,991.83728,2.370784,0.0003,-19.791048
6000,-333.0284,855.254578,161.273651,2.366749,0.0003,8.235394
8000,-314.6475,690.854004,41.070442,1.21623,0.0003,2.894113
10000,-290.7709,572.389282,26.737745,0.65888,0.0003,-5.993332
12000,-306.4875,486.008331,969.353027,0.36431,0.0003,-14.115215
14000,-301.6848,422.713074,19.180565,0.203659,0.0003,-20.931011
16000,-285.744,370.752045,17.732868,0.113662,0.0003,-25.935621
18000,-267.6845,324.67865,33.18161,0.065176,0.0003,-26.092072
20000,-255.5259,289.050964,300.310974,0.038021,0.0003,-23.456671
22000,-241.9644,256.282532,12.369711,0.023313,0.0003,-24.729713
24000,-233.2832,226.444733,16.896788,0.014837,0.0003,-18.152264
26000,-232.4075,204.417969,11.210091,0.009482,0.0003,-25.571014
28000,-224.3335,179.285324,7.908065,0.007834,0.0003,-2.767094
30000,-212.768,162.484985,8.068384,0.007239,0.0003,-3.081111
32000,-208.7689,146.524399,7.59688,0.006875,0.0003,-1.199862
34000,-199.1594,129.260529,47.144463,0.007,0.0003,-2.487194
36000,-194.8087,116.887772,4.155296,0.006945,0.0003,5.258967
38000,-192.1225,106.425873,3.470443,0.006102,0.0003,-8.565452
40000,-193.5412,95.904289,2.805543,0.006439,0.0003,-0.395645
42000,-192.0801,86.013077,2.406422,0.006256,0.0003,-10.787719
44000,-185.0904,77.470398,6.877576,0.005542,0.0003,-4.089003
46000,-177.5109,70.006226,4.848573,0.005089,0.0003,-8.489046
48000,-174.5799,64.315475,2.435508,0.00501,0.0003,-0.798984
50000,-169.6176,55.340469,1.00164,0.004706,0.0003,-7.773035
52000,-166.5119,53.148811,1.359179,0.004132,0.0003,6.40736
54000,-165.4537,45.614826,2.616643,0.003762,0.0003,16.679985
56000,-158.9344,40.457676,2.739316,0.003833,0.0003,10.890312
58000,-155.6376,37.30975,0.995553,0.004083,0.0003,1.597454
60000,-153.2864,36.479252,0.82015,0.003762,0.0003,2.121661
62000,-149.3798,32.92675,2.190764,0.003866,0.0003,-8.92599
64000,-143.4759,30.03367,0.733659,0.003788,0.0003,4.301447
66000,-138.1647,25.078217,0.699163,0.003652,0.0003,-6.911711
68000,-136.3216,24.230053,0.483609,0.003457,0.0003,2.966546
70000,-134.0351,22.393444,0.7,0.003175,0.0003,1.636175
72000,-129.6101,20.416265,0.611098,0.00336,0.0003,8.136139
74000,-121.6812,17.630125,0.780985,0.003502,0.0003,-8.447616
76000,-123.1333,17.210934,0.386377,0.003319,0.0003,-5.584982
78000,-119.4588,16.075142,0.439812,0.003374,0.0003,-3.285233
80000,-116.0744,13.49733,0.689333,0.003525,0.0003,-4.740889
82000,-115.2034,13.684214,0.741773,0.003533,0.0003,-2.068022
84000,-112.8938,11.899124,0.516749,0.003301,0.0003,-7.383506
86000,-111.6281,12.979013,0.489312,0.003358,0.0003,-0.702972
88000,-110.6041,10.976134,0.832417,0.003279,0.0003,-0.094502
90000,-108.158,9.784694,0.476788,0.00344,0.0003,-4.728447
92000,-105.954,9.059549,0.523012,0.003411,0.0003,9.135016
94000,-106.1285,9.489361,0.521802,0.003409,0.0003,2.047374
96000,-104.172,9.940503,0.476158,0.003577,0.0003,-2.579757
98000,-96.4278,8.224162,0.643997,0.003567,0.0003,11.22604
100000,-89.8887,8.459048,0.557451,0.003699,0.0003,-4.920231
102000,-85.2046,9.055317,0.630755,0.003877,0.0003,6.095228
104000,-81.5464,8.922303,0.527854,0.00382,0.0003,-9.577082
106000,-76.4129,8.277352,1.050928,0.003983,0.0003,4.494199
108000,-69.8686,6.740543,0.442864,0.004014,0.0003,8.336975
110000,-65.2861,7.341986,0.417659,0.004,0.0003,14.867308
112000,-61.6094,7.299814,1.049048,0.004224,0.0003,5.173888
114000,-60.0866,7.65303,0.89975,0.004391,0.0003,-0.536192
116000,-56.8043,6.915037,0.929706,0.004497,0.0003,1.579065
118000,-55.4726,7.292607,0.849662,0.004795,0.0003,1.390976
120000,-51.1379,8.608568,0.427672,0.005311,0.0003,1.947341
122000,-44.0609,7.417431,0.936135,0.005266,0.0003,-0.88246
124000,-40.9387,8.779325,0.349176,0.005094,0.0003,1.642902
126000,-38.3782,7.20861,0.400502,0.005263,0.0003,-1.574965
128000,-34.5624,8.344104,0.354356,0.005459,0.0003,-4.484023
130000,-33.2407,8.56441,1.226117,0.005434,0.0003,-8.150313
132000,-30.145,8.509706,0.391433,0.005317,0.0003,-0.705453
134000,-26.3739,8.646214,1.116227,0.005417,0.0003,-3.402304
136000,-20.3434,8.176422,0.332942,0.005558,0.0003,-3.793046
138000,-15.2724,7.943625,0.369885,0.005536,0.0003,1.903048
140000,-12.7983,7.021224,0.454818,0.005573,0.0003,2.041913
142000,-12.2375,7.10794,0.392241,0.005377,0.0003,0.720758
144000,-8.545,7.545881,0.387936,0.005631,0.0003,-4.711418
146000,-5.958,7.255538,0.482535,0.00556,0.0003,0.677756
148000,-2.5719,7.393625,0.596914,0.005277,0.0003,-0.068662
150000,1.4654,7.807226,0.336677,0.00559,0.0003,-0.259094
152000,0.4301,6.086073,0.50782,0.005398,0.0003,4.415055
154000,-0.2316,7.424296,0.463463,0.005281,0.0003,2.670315
156000,2.445,7.348773,0.424244,0.005238,0.0003,-0.535379
158000,2.9822,5.860248,0.339183,0.005231,0.0003,-2.587841
160000,1.2305,6.834543,0.665935,0.005245,0.0003,-0.428567
162000,1.6102,7.4291,0.386381,0.004938,0.0003,0.47306
164000,1.9806,5.400682,0.287607,0.004918,0.0003,6.243964
166000,2.8531,7.442382,0.498993,0.005074,0.0003,3.103454
168000,0.9387,7.553967,0.310941,0.004895,0.0003,-1.00712
170000,-1.0402,6.497995,0.353642,0.005268,0.0003,4.243934
172000,2.7804,7.394119,0.566883,0.005154,0.0003,5.005761
174000,3.548,6.739193,0.38965,0.005233,0.0003,7.311323
176000,3.2476,5.870723,0.453233,0.005266,0.0003,4.014999
178000,5.2135,5.526347,0.421087,0.005226,0.0003,7.180233
180000,5.8121,6.818552,0.616853,0.005397,0.0003,-0.302689
182000,7.0396,6.785039,0.889104,0.005261,0.0003,7.641064
184000,7.2765,6.85667,0.512821,0.005593,0.0003,-2.636321
186000,7.878,6.054686,0.362005,0.005504,0.0003,-0.888794
188000,7.0056,6.794975,0.47288,0.005929,0.0003,0.15815
190000,9.8971,6.368267,0.408346,0.006063,0.0003,-4.138611
192000,11.8213,6.721755,0.391264,0.006177,0.0003,4.509125
194000,7.0977,6.49123,0.287836,0.006416,0.0003,0.67558
196000,7.2832,7.17312,0.537494,0.006311,0.0003,1.225118
198000,8.6635,7.310351,0.683004,0.00659,0.0003,-0.558842
200000,11.3958,7.249307,0.790036,0.006648,0.0003,-0.046007
202000,11.9157,6.342279,0.461735,0.006869,0.0003,-3.160712
204000,13.429,5.947412,0.57594,0.006962,0.0003,4.120276
206000,12.8033,6.940221,1.377595,0.007352,0.0003,2.698569
208000,11.7159,6.602505,0.43133,0.007441,0.0003,-0.913362
210000,13.8118,7.449095,0.423661,0.007304,0.0003,-3.132305
212000,12.5931,8.300048,0.628267,0.00751,0.0003,0.52937
214000,13.3187,7.387547,0.456259,0.00759,0.0003,-4.089567
216000,12.379,7.401126,0.405724,0.007289,0.0003,1.781244
218000,10.3631,6.849521,0.570502,0.007954,0.0003,4.289271
220000,9.6436,6.365856,0.501291,0.007844,0.0003,-0.064247
222000,9.1286,7.335562,0.746251,0.007775,0.0003,-2.807867
224000,9.5568,7.087827,0.823625,0.007782,0.0003,-1.645815
226000,10.9393,8.041028,0.484239,0.007669,0.0003,-2.124897
228000,9.2996,6.971697,1.651674,0.008219,0.0003,1.061226
230000,7.6457,8.890206,0.492334,0.008252,0.0003,-2.133982
232000,8.0037,8.644846,0.498562,0.007767,0.0003,-1.34172
234000,2.7339,7.425121,0.620372,0.007948,0.0003,-1.967872
236000,2.4244,9.063029,0.436825,0.007971,0.0003,0.30384
238000,1.0696,9.667492,1.5507,0.00811,0.0003,-1.142923
240000,0.5293,7.016616,0.436793,0.008019,0.0003,0.411685
242000,-0.0229,8.282337,0.693525,0.008121,0.0003,-3.035068
244000,-2.5184,8.515532,0.669931,0.00808,0.0003,-5.244485
246000,-3.1126,8.553035,0.887491,0.008037,0.0003,-3.246627
248000,-4.5284,9.28011,0.442824,0.008202,0.0003,9.896824
250000,-2.0733,10.482065,0.443955,0.008154,0.0003,-0.272184
252000,-2.2885,9.424767,0.730821,0.008548,0.0003,-0.519746
254000,-3.1473,9.277156,0.763301,0.008518,0.0003,3.847242
256000,-2.7191,9.67096,3.653051,0.008867,0.0003,1.014858
258000,-7.3029,9.76095,0.417715,0.009097,0.0003,2.662799
260000,-4.3595,9.366331,0.51296,0.009125,0.0003,0.186221
262000,-2.874,10.342697,0.424206,0.00926,0.0003,4.027025
264000,-3.3762,11.710485,0.940396,0.009469,0.0003,0.758911
266000,-1.4527,9.902334,1.766304,0.009414,0.0003,-1.507837
268000,-3.67,11.078804,0.61156,0.00977,0.0003,-1.374026
270000,-6.8499,9.728138,0.565317,0.009956,0.0003,-3.176528
272000,-8.7375,10.659613,0.669196,0.010255,0.0003,-2.503251
274000,-9.6626,11.452592,0.611241,0.009975,0.0003,-1.79135
276000,-8.1652,12.46335,0.440525,0.00999,0.0003,-3.976382
278000,-7.1,10.680495,0.471203,0.009943,0.0003,-1.266802
280000,-6.096,12.626841,0.490396,0.010078,0.0003,-1.661741
282000,-6.3319,12.772472,0.479485,0.010352,0.0003,-2.696741
284000,-3.8636,12.373276,0.758469,0.010142,0.0003,-0.655333
286000,-5.0914,11.637196,0.597194,0.010307,0.0003,-0.659756
288000,-7.6144,12.35601,0.533712,0.010479,0.0003,-1.724904
290000,-2.1917,12.996186,0.694585,0.010595,0.0003,-3.330348
292000,-0.3609,11.365116,0.74752,0.010874,0.0003,1.023845
294000,-0.5258,12.725966,0.815639,0.010594,0.0003,-2.149278
296000,-1.9732,12.76702,0.591207,0.010737,0.0003,3.064883
298000,-4.0826,13.928648,0.724178,0.01076,0.0003,-1.156428
300000,-5.9839,13.018044,0.803537,0.010581,0.0003,0.451541
302000,-3.9705,13.097479,0.467223,0.010793,0.0003,0.376586
304000,-3.1007,13.70711,0.681125,0.010734,0.0003,-0.728178
306000,-4.4009,11.084829,0.745866,0.010541,0.0003,-0.545635
308000,-5.0117,13.37147,0.579565,0.010977,0.0003,-4.486073
310000,-3.9046,13.902041,0.523834,0.011014,0.0003,-0.249248
312000,-3.9149,14.22155,0.839497,0.011075,0.0003,0.579655
314000,0.6475,14.451008,1.199737,0.010929,0.0003,4.620472
316000,0.0664,13.062611,0.543512,0.0107,0.0003,0.659284
318000,-1.7172,13.570194,0.535985,0.010894,0.0003,-0.002307
320000,-4.2853,14.694523,1.224967,0.01103,0.0003,-2.675777
322000,-7.3645,14.369185,0.537741,0.011452,0.0003,-1.06715
324000,-5.1413,13.650902,0.593818,0.011118,0.0003,-1.514596
326000,-4.6573,15.037552,0.698409,0.011305,0.0003,0.630701
328000,-5.3261,14.244547,0.661944,0.010883,0.0003,-3.19088
330000,-1.2102,15.988324,0.655132,0.01116,0.0003,5.347536
332000,-1.3762,12.810885,0.83845,0.010958,0.0003,-1.436284
334000,1.2506,12.988692,0.604429,0.010916,0.0003,2.618396
336000,-0.5875,13.353176,1.516024,0.011068,0.0003,-2.821262
338000,1.0365,12.1587,0.660172,0.011011,0.0003,0.043562
340000,2.63,12.581185,1.468185,0.01108,0.0003,5.225943
342000,1.5257,13.182515,0.460542,0.011092,0.0003,-4.99299
344000,3.3126,12.607237,1.523963,0.011169,0.0003,1.479829
346000,2.4328,12.780223,0.617515,0.011079,0.0003,2.613645
348000,3.4347,13.095881,0.666986,0.011359,0.0003,3.203058
350000,5.0532,12.877268,0.489497,0.011318,0.0003,-0.062862
352000,7.3433,13.059567,0.829412,0.011086,0.0003,3.115978
354000,12.6135,12.743462,0.611126,0.011512,0.0003,-4.03334
356000,12.5786,12.673304,0.754955,0.01142,0.0003,3.382337
358000,11.1405,13.626669,0.771773,0.011943,0.0003,1.790601
360000,12.6466,13.813639,0.781957,0.012071,0.0003,-1.176639
362000,10.9295,13.803749,0.759643,0.012386,0.0003,-1.875301
364000,14.0546,12.607397,0.530526,0.011968,0.0003,-1.466703
366000,17.7243,13.855561,0.80476,0.012093,0.0003,-3.763266
368000,21.3405,12.970722,0.529761,0.012118,0.0003,-2.326299
370000,22.5861,12.00112,0.514403,0.012189,0.0003,0.591248
372000,20.7531,11.530107,0.578887,0.012373,0.0003,0.341228
374000,21.5581,11.459099,1.680586,0.012596,0.0003,1.906914
376000,19.3612,11.206799,0.936372,0.012634,0.0003,3.221281
378000,17.461,14.067255,0.651249,0.012683,0.0003,-3.575046
380000,13.351,12.408216,0.98774,0.01252,0.0003,2.04629
382000,13.7465,13.369612,0.838291,0.012742,0.0003,-1.753496
384000,14.1116,13.864223,0.586392,0.012868,0.0003,4.58832
386000,15.2056,13.859759,0.487249,0.013477,0.0003,-1.533281
388000,14.7525,13.10664,0.555038,0.013401,0.0003,0.294256
390000,14.4844,13.113476,1.826084,0.013675,0.0003,4.232018
392000,15.4396,14.99081,0.755729,0.013728,0.0003,1.770303
394000,17.7898,14.76836,0.575519,0.014207,0.0003,2.600297
396000,20.614,13.511716,0.941218,0.014244,0.0003,-1.218728
398000,22.0245,14.207122,0.797643,0.014514,0.0003,0.607793
400000,21.9272,14.692914,0.5723,0.014375,0.0003,1.03454
402000,22.2948,14.248876,0.695287,0.014258,0.0003,-2.99602
404000,25.7942,13.397342,0.963647,0.014175,0.0003,-1.203374
406000,26.624,13.945367,0.538428,0.01437,0.0003,0.960944
408000,26.1077,14.434488,1.18752,0.014504,0.0003,-2.563818
410000,21.8971,14.172123,0.583447,0.014252,0.0003,-0.200381
412000,23.5449,13.504248,1.324793,0.014134,0.0003,-2.570064
414000,24.3073,14.21403,1.060031,0.014472,0.0003,0.519669
416000,26.3369,15.033703,0.61331,0.014341,0.0003,2.833647
418000,29.4257,13.787366,0.68834,0.014179,0.0003,2.015937
420000,29.3618,14.594142,0.625974,0.014528,0.0003,-0.707615
422000,28.8006,14.064926,0.733995,0.014374,0.0003,0.520591
424000,28.159,12.583168,1.062583,0.014612,0.0003,2.43001
426000,29.4329,13.043741,0.600699,0.014486,0.0003,2.244155
428000,26.9151,14.579447,0.757219,0.014168,0.0003,-0.691914
430000,26.3569,13.491114,0.722619,0.014516,0.0003,2.088215
432000,26.8925,15.312458,0.747591,0.014347,0.0003,1.736036
434000,26.3304,14.888918,0.671604,0.014559,0.0003,2.437589
436000,25.5801,15.831369,0.67561,0.014789,0.0003,-5.022299
438000,27.8889,13.509855,0.601822,0.015042,0.0003,-2.230628
440000,28.8294,14.121006,0.981686,0.015152,0.0003,-0.241808
442000,29.587,14.958443,0.664319,0.015108,0.0003,1.463455
444000,27.6604,14.837117,0.545461,0.015249,0.0003,-0.716723
446000,28.8685,15.484797,0.615025,0.015312,0.0003,2.357759
448000,26.783,16.666613,0.682895,0.01539,0.0003,-0.072298
450000,25.0023,15.006817,0.777863,0.01507,0.0003,-0.200256
452000,24.418,15.352459,0.793485,0.015718,0.0003,2.592745
454000,26.5444,16.769392,0.807073,0.0155,0.0003,-1.765139
456000,26.9513,15.392653,0.84443,0.015809,0.0003,-1.991642
458000,26.6817,15.971678,0.881446,0.015467,0.0003,-2.176962
460000,26.2804,15.305928,0.667417,0.015421,0.0003,1.905057
462000,26.4482,17.70365,0.696853,0.015526,0.0003,1.309245
464000,24.2127,17.439322,0.885332,0.015628,0.0003,0.605596
466000,23.2156,16.093584,0.545671,0.015519,0.0003,0.576284
468000,23.954,16.453367,0.812758,0.01562,0.0003,-0.060611
470000,23.9012,16.968555,0.49775,0.015476,0.0003,-4.725367
472000,28.103,16.243759,0.925694,0.015536,0.0003,-1.262137
474000,28.0089,17.253984,1.110972,0.015589,0.0003,3.848875
476000,31.7695,15.598053,0.476834,0.015919,0.0003,2.04774
478000,32.4976,16.404615,0.640531,0.016072,0.0003,1.274538
480000,31.385,16.634163,0.705086,0.01629,0.0003,-4.722189
482000,30.0315,17.632748,0.740526,0.01628,0.0003,0.811452
484000,29.7187,17.816307,0.676316,0.015987,0.0003,-2.724914
486000,27.907,17.746178,1.634435,0.016528,0.0003,-0.813341
488000,29.112,16.89492,1.277008,0.016228,0.0003,-2.731365
490000,26.1677,17.167332,0.751231,0.016624,0.0003,-0.205362
492000,26.8296,18.419756,1.483763,0.01662,0.0003,2.048513
494000,24.7087,17.620316,1.11742,0.016753,0.0003,-1.960424
496000,23.9001,17.255949,0.772534,0.016561,0.0003,2.383753
498000,22.1757,16.965393,1.50323,0.016983,0.0003,1.27504
500000,20.7267,17.750568,0.564509,0.017108,0.0003,-1.764762
502000,19.416,18.143431,0.704134,0.017036,0.0003,0.593879
504000,19.8448,19.201797,0.885218,0.017385,0.0003,-1.125741
506000,20.542,20.09411,1.508577,0.017421,0.0003,1.255453
508000,19.0266,19.36252,0.857092,0.017041,0.0003,0.3215
510000,19.3717,19.245047,1.001686,0.017273,0.0003,-3.953058
512000,17.8508,18.294363,0.780404,0.017705,0.0003,0.455261
514000,15.0386,18.900558,0.656726,0.017112,0.0003,0.925193
516000,13.5084,19.193466,1.218098,0.017669,0.0003,-0.733986
518000,12.0915,20.562515,1.034292,0.017875,0.0003,-0.100039
520000,11.907,18.177769,1.039184,0.017798,0.0003,0.448062
522000,8.6477,19.881041,0.567783,0.017598,0.0003,-1.070915
524000,9.1605,19.99564,1.414493,0.017909,0.0003,2.724446
526000,6.8291,20.895256,0.673333,0.0179,0.0003,1.766414
528000,8.9496,19.772831,0.763264,0.017492,0.0003,-2.217228
530000,8.7367,20.50428,0.669854,0.017841,0.0003,-0.353519
532000,8.1328,20.043156,1.357425,0.017894,0.0003,-0.065195
534000,7.5234,21.769024,0.784688,0.017759,0.0003,3.303385
536000,6.7271,19.984921,0.758392,0.017376,0.0003,-1.172131
538000,6.7781,20.46933,0.893447,0.01732,0.0003,1.582614
540000,7.3746,20.669996,0.706212,0.017593,0.0003,-3.161464
542000,7.1709,19.584759,0.910262,0.017554,0.0003,-2.952338
544000,5.9314,18.853945,0.936822,0.016854,0.0003,-1.145048
546000,7.1978,20.86178,0.560937,0.01716,0.0003,-0.261413
548000,5.2473,20.775166,0.73024,0.016772,0.0003,0.954453
550000,0.9453,18.983791,0.958913,0.016904,0.0003,-0.824113
552000,0.7021,20.696224,0.714263,0.016751,0.0003,1.857771
554000,2.7711,20.606844,0.761245,0.016896,0.0003,3.255367
556000,2.5873,20.620296,0.968044,0.016767,0.0003,-0.561298
558000,-0.6501,20.098349,0.84024,0.0167,0.0003,6.32906
560000,0.5389,19.942822,0.52187,0.01678,0.0003,1.925362
562000,0.2175,19.926716,0.933636,0.016679,0.0003,0.009065
564000,-1.8261,20.091902,0.82712,0.016297,0.0003,1.762253
566000,-1.8143,19.874208,0.623124,0.016314,0.0003,1.690876
568000,-3.3514,20.245661,0.921772,0.016178,0.0003,-1.003833
570000,-1.873,20.990088,0.876777,0.016021,0.0003,2.242452
572000,-3.6329,20.827898,0.618888,0.016183,0.0003,-3.308533
574000,-2.455,19.843775,0.774263,0.015973,0.0003,3.131973
576000,0.4249,19.306732,0.694565,0.015656,0.0003,1.438291
578000,0.3369,19.13419,0.746172,0.015778,0.0003,-3.889071
580000,0.635,19.87002,0.576876,0.015309,0.0003,1.279362
582000,2.4982,18.302574,0.690264,0.015473,0.0003,-2.442965
584000,0.3303,18.5114,0.724726,0.015477,0.0003,2.489808
586000,3.1185,18.973293,0.621298,0.015406,0.0003,-3.961543
588000,1.1638,19.027246,0.659099,0.015316,0.0003,-1.791584
590000,0.7767,17.775232,0.557579,0.01503,0.0003,1.372781
592000,1.7612,17.950037,0.655112,0.015618,0.0003,-0.054811
594000,3.8228,17.754555,0.455485,0.015628,0.0003,1.374527
596000,4.4538,16.555695,0.877267,0.015412,0.0003,0.675361
598000,5.8694,17.137669,0.420959,0.015383,0.0003,-0.560837
600000,5.8358,16.317787,0.872115,0.015701,0.0003,-2.392302
