timestep,rollout/ep_rew_mean,rollout/ep_len_mean,train/loss,train/value_loss,train/policy_gradient_loss,train/entropy_loss,train/approx_kl,train/clip_fraction,train/clip_range,train/learning_rate,train/explained_variance,train/n_updates
2048,-386.2702,960.0,,,,,,,,,,
4096,-354.5008,960.0,12.735161,34.331852,-0.010756,-7.328427,0.01015,0.118018,0.2,0.0003,0.006418,10.0
6144,-328.8179,960.0,3.246595,12.754875,-0.010004,-7.320481,0.011883,0.098389,0.2,0.0003,0.001502,20.0
8192,-294.9411,960.0,4.171652,10.486595,-0.010964,-7.301224,0.011902,0.114453,0.2,0.0003,-1.1e-05,30.0
10240,-266.8475,960.0,7.261772,14.354537,-0.012812,-7.284734,0.00946,0.130762,0.2,0.0003,-1e-06,40.0
12288,-269.7938,960.0,7.716622,13.753852,-0.00901,-7.273199,0.010839,0.109912,0.2,0.0003,5e-06,50.0
14336,-277.8332,960.0,2.212115,9.320812,-0.009767,-7.2392,0.009862,0.088867,0.2,0.0003,0.007133,60.0
16384,-298.5606,960.0,7.962413,21.712871,-0.011874,-7.203569,0.011605,0.109375,0.2,0.0003,1.6e-05,70.0
18432,-283.0049,960.0,4.360056,14.910712,-0.010083,-7.194698,0.010948,0.089648,0.2,0.0003,0.000399,80.0
20480,-274.2475,960.0,5.965299,15.95168,-0.006905,-7.230427,0.006177,0.069482,0.2,0.0003,-1e-06,90.0
22528,-264.8704,960.0,5.878623,12.897503,-0.011745,-7.190694,0.007697,0.095264,0.2,0.0003,0.000518,100.0
24576,-265.1902,960.0,9.778687,16.629894,-0.009169,-7.189015,0.007457,0.048389,0.2,0.0003,0.048086,110.0
26624,-254.441,960.0,7.890666,15.840229,-0.007306,-7.112397,0.007551,0.057861,0.2,0.0003,-0.012898,120.0
28672,-256.0839,960.0,9.630468,16.309611,-0.004761,-7.128467,0.004123,0.00957,0.2,0.0003,0.172426,130.0
30720,-248.3722,960.0,7.342988,17.462044,-0.002237,-7.142969,0.00098,0.000488,0.2,0.0003,0.142305,140.0
32768,-249.09,960.0,5.489746,11.580183,-0.004057,-7.091321,0.003368,0.00542,0.2,0.0003,0.206756,150.0
34816,-244.2582,960.0,8.987338,16.189093,-0.006187,-7.065024,0.005419,0.012109,0.2,0.0003,0.342481,160.0
36864,-239.3521,960.0,3.726615,10.752611,-0.003976,-7.019322,0.003729,0.012793,0.2,0.0003,0.196994,170.0
38912,-238.8829,960.0,5.99586,11.60952,-0.003923,-7.001371,0.004378,0.003955,0.2,0.0003,0.376619,180.0
40960,-234.026,960.0,4.685719,12.730444,-0.004301,-6.920491,0.004137,0.00791,0.2,0.0003,0.319132,190.0
43008,-235.4468,960.0,4.656402,12.149214,-0.004276,-6.925055,0.004563,0.014844,0.2,0.0003,0.510634,200.0
45056,-234.6389,960.0,4.378546,9.781656,-0.005767,-6.850208,0.004415,0.021582,0.2,0.0003,0.204894,210.0
47104,-237.5184,960.0,4.613894,11.187248,-0.005024,-6.91595,0.006047,0.029346,0.2,0.0003,0.467513,220.0
49152,-233.7206,960.0,6.240743,9.508033,-0.006528,-6.823704,0.00921,0.117383,0.2,0.0003,0.065577,230.0
51200,-232.1447,960.0,2.531741,8.040913,-0.006769,-6.901776,0.008825,0.048145,0.2,0.0003,0.257721,240.0
53248,-232.4261,960.0,4.075709,10.150834,-0.005483,-6.785852,0.006013,0.018164,0.2,0.0003,0.404417,250.0
55296,-231.6944,960.0,3.63717,9.314015,-0.006309,-6.768625,0.004988,0.017871,0.2,0.0003,0.250468,260.0
57344,-225.6847,960.0,6.361992,11.79942,-0.005185,-6.756199,0.005404,0.018115,0.2,0.0003,0.518112,270.0
59392,-224.6335,960.0,6.385252,12.856493,-0.005774,-6.792222,0.005243,0.029541,0.2,0.0003,0.589047,280.0
61440,-219.1245,960.0,5.383873,9.413143,-0.010773,-6.647584,0.009439,0.071484,0.2,0.0003,0.644237,290.0
63488,-214.7954,960.0,5.780801,11.306795,-0.004031,-6.726056,0.004423,0.013574,0.2,0.0003,0.570636,300.0
65536,-213.238,960.0,4.961329,9.14556,-0.006401,-6.736051,0.005992,0.031689,0.2,0.0003,0.659634,310.0
67584,-210.6669,960.0,2.798151,8.961729,-0.002495,-6.649345,0.002716,0.005811,0.2,0.0003,0.600768,320.0
69632,-207.7714,960.0,3.004041,6.590368,-0.005396,-6.679026,0.006234,0.041357,0.2,0.0003,0.72082,330.0
71680,-207.7115,960.0,2.986509,7.102288,-0.007766,-6.6396,0.006923,0.064209,0.2,0.0003,0.718074,340.0
73728,-205.9453,960.0,1.94985,6.246923,-0.007656,-6.536778,0.005934,0.056885,0.2,0.0003,0.647741,350.0
75776,-204.1004,960.0,4.231805,8.49166,-0.004992,-6.562555,0.005818,0.039795,0.2,0.0003,0.757614,360.0
77824,-198.8753,960.0,4.451389,9.791099,-0.006145,-6.623709,0.006801,0.035449,0.2,0.0003,0.75103,370.0
79872,-196.5981,960.0,3.117588,7.195216,-0.002871,-6.730593,0.005373,0.029492,0.2,0.0003,0.826351,380.0
81920,-196.3959,960.0,2.868373,5.927574,-0.007051,-6.594576,0.008365,0.053467,0.2,0.0003,0.845891,390.0
83968,-193.4274,960.0,2.315525,4.907268,-0.006732,-6.523953,0.010124,0.071289,0.2,0.0003,0.763106,400.0
86016,-191.1292,960.0,3.332726,7.858212,-0.00392,-6.556988,0.005171,0.037061,0.2,0.0003,0.797765,410.0
88064,-189.5461,960.0,2.829113,5.828229,-0.004765,-6.555812,0.007339,0.056348,0.2,0.0003,0.861686,420.0
90112,-187.9417,960.0,2.911588,6.03097,-0.006537,-6.461749,0.009452,0.04668,0.2,0.0003,0.811537,430.0
92160,-184.0586,960.0,2.516598,5.195727,-0.006249,-6.534263,0.007241,0.050537,0.2,0.0003,0.817317,440.0
94208,-183.8004,960.0,3.159849,6.479885,-0.006241,-6.544034,0.007778,0.062354,0.2,0.0003,0.879754,450.0
96256,-183.4605,960.0,2.178488,4.681252,-0.006245,-6.360471,0.008037,0.066162,0.2,0.0003,0.806741,460.0
98304,-178.602,960.0,2.565861,6.64757,-0.004045,-6.318675,0.009104,0.07168,0.2,0.0003,0.785617,470.0
100352,-171.8973,960.0,2.344125,5.193407,-0.011469,-6.396713,0.008952,0.062109,0.2,0.0003,0.861357,480.0
102400,-169.4784,960.0,2.644545,6.298918,-0.009087,-6.338766,0.009197,0.097119,0.2,0.0003,0.903206,490.0
104448,-165.0203,960.0,3.1172,5.727945,-0.005081,-6.223524,0.008048,0.078076,0.2,0.0003,0.841398,500.0
106496,-164.8038,960.0,3.457381,6.983643,-0.00667,-6.24602,0.008928,0.098193,0.2,0.0003,0.898382,510.0
108544,-158.6301,960.0,2.633937,5.511612,-0.003381,-6.188528,0.006352,0.054883,0.2,0.0003,0.8805,520.0
110592,-154.2912,960.0,2.637862,5.541699,-0.005253,-6.270706,0.006736,0.076172,0.2,0.0003,0.925788,530.0
112640,-146.147,960.0,2.658726,6.292007,-0.005232,-6.195089,0.009591,0.115576,0.2,0.0003,0.911819,540.0
114688,-143.305,960.0,3.266239,7.545688,-0.003962,-6.32464,0.006263,0.050537,0.2,0.0003,0.920651,550.0
116736,-140.4975,960.0,2.109617,5.472801,-0.004864,-6.299296,0.008686,0.099365,0.2,0.0003,0.941128,560.0
118784,-139.4329,960.0,2.625309,6.518965,-0.005691,-6.307155,0.010035,0.100732,0.2,0.0003,0.923617,570.0
120832,-134.2882,960.0,2.90929,5.391834,-0.006121,-6.11264,0.009812,0.126709,0.2,0.0003,0.92104,580.0
122880,-128.8573,960.0,2.946189,7.714722,-0.005337,-6.193553,0.009588,0.099121,0.2,0.0003,0.900475,590.0
124928,-124.6008,960.0,2.467294,6.184246,-0.005629,-6.329337,0.006651,0.097559,0.2,0.0003,0.933335,600.0
126976,-122.6701,960.0,3.680943,7.854506,-0.002423,-6.193956,0.007258,0.083496,0.2,0.0003,0.924152,610.0
129024,-117.0394,960.0,2.301586,5.814821,-0.004448,-6.115296,0.00884,0.064648,0.2,0.0003,0.915546,620.0
131072,-115.8318,960.0,2.342455,7.203824,0.001176,-6.223819,0.013747,0.202002,0.2,0.0003,0.931629,630.0
133120,-114.8711,960.0,2.215079,5.005491,-0.002145,-6.115595,0.009991,0.082178,0.2,0.0003,0.943332,640.0
135168,-110.9249,960.0,2.968455,6.057779,-0.00389,-6.172842,0.007125,0.050488,0.2,0.0003,0.943214,650.0
137216,-108.4167,960.0,3.201089,7.107453,-0.000878,-6.218973,0.012871,0.098682,0.2,0.0003,0.930316,660.0
139264,-101.6489,960.0,3.753322,7.784935,-0.004161,-6.11777,0.010243,0.135059,0.2,0.0003,0.904388,670.0
141312,-99.5073,960.0,2.76834,6.01259,-0.004789,-6.040107,0.00996,0.126904,0.2,0.0003,0.881389,680.0
143360,-92.2872,960.0,2.00436,6.076174,-0.008743,-6.078485,0.011293,0.090723,0.2,0.0003,0.939218,690.0
145408,-91.2519,960.0,2.60114,4.874335,-0.002959,-6.109463,0.016074,0.135303,0.2,0.0003,0.957141,700.0
147456,-87.6173,960.0,2.469994,6.351508,-0.007879,-5.882137,0.011482,0.08584,0.2,0.0003,0.904964,710.0
149504,-83.9487,960.0,3.613328,7.188481,-0.002635,-5.977445,0.00877,0.07627,0.2,0.0003,0.937316,720.0
151552,-81.3971,960.0,2.855468,7.805903,-0.002545,-5.822517,0.007875,0.127588,0.2,0.0003,0.900254,730.0
153600,-82.639,960.0,,,,,,,,,,
155648,-79.4012,960.0,1.212124,4.397492,-0.004584,-5.679662,0.007956,0.105273,0.2,0.0003,0.882294,750.0
157696,-78.7244,960.0,2.969242,6.636394,-0.004911,-5.749933,0.007297,0.079639,0.2,0.0003,0.928051,760.0
159744,-78.7239,960.0,4.09351,8.023252,-0.002208,-5.715473,0.009156,0.131152,0.2,0.0003,0.925522,770.0
161792,-73.7866,960.0,2.177119,5.254703,-0.004489,-5.751422,0.012047,0.145117,0.2,0.0003,0.955142,780.0
163840,-73.6405,960.0,3.19417,10.229116,-0.006038,-5.783561,0.01592,0.094629,0.2,0.0003,0.934495,790.0
165888,-70.341,960.0,4.331957,8.965799,-0.003488,-5.656054,0.021408,0.087793,0.2,0.0003,0.866173,800.0
167936,-66.833,960.0,3.142071,7.177269,-0.00709,-5.754996,0.009522,0.134668,0.2,0.0003,0.937889,810.0
169984,-62.4959,960.0,2.336952,5.234189,-0.005057,-5.57562,0.009016,0.065576,0.2,0.0003,0.916804,820.0
172032,-61.3382,960.0,2.872537,7.445503,-0.003183,-5.707575,0.014293,0.12041,0.2,0.0003,0.947689,830.0
174080,-58.7736,960.0,2.329269,5.923933,-0.001224,-5.751172,0.007935,0.112256,0.2,0.0003,0.965652,840.0
176128,-56.9885,960.0,2.793889,7.245871,-0.000133,-5.69023,0.011695,0.189404,0.2,0.0003,0.954748,850.0
178176,-53.8312,960.0,3.842726,7.512345,-0.004572,-5.687075,0.007843,0.097168,0.2,0.0003,0.938945,860.0
180224,-53.9175,960.0,5.372602,8.082768,-0.009507,-5.706691,0.010632,0.122998,0.2,0.0003,0.938918,870.0
182272,-55.6188,960.0,2.53039,6.147518,-0.001376,-5.62422,0.010385,0.11543,0.2,0.0003,0.945072,880.0
184320,-52.8671,960.0,2.272668,5.198567,-0.003732,-5.579722,0.008964,0.060205,0.2,0.0003,0.959216,890.0
186368,-49.6717,960.0,5.109378,8.945216,-0.00396,-5.629869,0.011224,0.157812,0.2,0.0003,0.942681,900.0
188416,-49.8222,960.0,3.70317,8.296959,-0.004054,-5.714257,0.006152,0.117041,0.2,0.0003,0.951039,910.0
190464,-44.4917,960.0,1.823868,5.992275,-0.006667,-5.658577,0.00982,0.097461,0.2,0.0003,0.962292,920.0
192512,-39.2931,960.0,4.066556,7.942303,-0.004799,-5.675854,0.009451,0.148975,0.2,0.0003,0.957848,930.0
194560,-36.8137,960.0,4.937948,7.637989,0.010116,-5.614449,0.020613,0.213086,0.2,0.0003,0.961902,940.0
196608,-35.3511,960.0,3.064966,6.973107,-0.003797,-5.528958,0.013505,0.139063,0.2,0.0003,0.960456,950.0
198656,-31.6105,960.0,3.291528,7.63873,-0.000771,-5.603718,0.008842,0.127979,0.2,0.0003,0.963791,960.0
200704,-33.7512,960.0,4.514626,9.739259,-0.003958,-5.475542,0.010388,0.106738,0.2,0.0003,0.934118,970.0
202752,-31.5912,960.0,4.547225,9.184878,-0.001275,-5.455858,0.010163,0.106055,0.2,0.0003,0.91218,980.0
204800,-28.1242,960.0,4.071177,7.84919,-0.003388,-5.562723,0.007353,0.091162,0.2,0.0003,0.887683,990.0
206848,-26.7577,960.0,1.836062,6.628231,-0.007003,-5.600085,0.021176,0.166162,0.2,0.0003,0.955193,1000.0
208896,-29.1759,960.0,3.740141,6.734453,0.004846,-5.390585,0.029296,0.168896,0.2,0.0003,0.928751,1010.0
210944,-28.589,960.0,3.478445,7.439153,-0.003635,-5.468408,0.006836,0.096143,0.2,0.0003,0.90365,1020.0
212992,-26.2458,960.0,4.344881,7.466278,-0.002879,-5.637007,0.010305,0.11709,0.2,0.0003,0.935226,1030.0
215040,-24.7698,960.0,4.204254,9.140819,-0.000866,-5.459709,0.017897,0.115234,0.2,0.0003,0.904151,1040.0
217088,-23.2724,960.0,4.377872,8.868636,-0.003445,-5.511298,0.010271,0.118408,0.2,0.0003,0.903963,1050.0
219136,-23.4312,960.0,3.011293,7.607952,-0.004635,-5.578803,0.00987,0.171582,0.2,0.0003,0.946349,1060.0
221184,-27.4831,960.0,3.419415,7.781943,-0.003177,-5.422051,0.018979,0.089404,0.2,0.0003,0.915119,1070.0
223232,-25.6763,960.0,2.811086,7.145195,-0.00259,-5.365804,0.00918,0.146436,0.2,0.0003,0.863836,1080.0
225280,-27.0482,960.0,4.80949,8.476336,0.002283,-5.543211,0.009586,0.174219,0.2,0.0003,0.918453,1090.0
227328,-23.0536,960.0,4.860385,8.928014,-0.005751,-5.390538,0.014532,0.131738,0.2,0.0003,0.919243,1100.0
229376,-20.5622,960.0,3.278283,7.342569,0.002365,-5.520925,0.010219,0.179395,0.2,0.0003,0.945451,1110.0
231424,-20.5062,960.0,3.264703,7.756636,0.000968,-5.478494,0.015107,0.076709,0.2,0.0003,0.912401,1120.0
233472,-21.6971,960.0,3.753628,8.68614,0.002303,-5.533675,0.012354,0.179199,0.2,0.0003,0.920237,1130.0
235520,-19.9154,960.0,2.51208,7.724794,-0.006417,-5.327544,0.008968,0.097705,0.2,0.0003,0.880376,1140.0
237568,-21.2083,960.0,3.717942,6.119997,0.006165,-5.638297,0.019136,0.222852,0.2,0.0003,0.955368,1150.0
239616,-20.9387,960.0,3.682805,7.488129,-0.005915,-5.436483,0.006599,0.069629,0.2,0.0003,0.88494,1160.0
241664,-19.3915,960.0,6.30012,6.999277,-0.007547,-5.555181,0.010989,0.103223,0.2,0.0003,0.94342,1170.0
243712,-20.0141,960.0,2.968513,6.761373,-0.005498,-5.38987,0.009288,0.119873,0.2,0.0003,0.940387,1180.0
245760,-16.9071,960.0,4.613484,8.030231,-0.004504,-5.32347,0.014743,0.103223,0.2,0.0003,0.933068,1190.0
247808,-15.9967,960.0,4.442031,8.849139,-0.003476,-5.448018,0.01129,0.127637,0.2,0.0003,0.907328,1200.0
249856,-11.2278,960.0,4.04281,7.017956,0.003031,-5.467738,0.03408,0.147754,0.2,0.0003,0.958001,1210.0
251904,-9.0091,960.0,3.878627,6.897464,0.000844,-5.524029,0.026897,0.226074,0.2,0.0003,0.964034,1220.0
253952,-7.0142,960.0,2.667375,6.069049,-0.002626,-5.55412,0.024868,0.247217,0.2,0.0003,0.96493,1230.0
256000,-7.1651,960.0,3.989313,6.92806,-0.003501,-5.519013,0.013234,0.125977,0.2,0.0003,0.958993,1240.0
258048,-9.252,960.0,3.973668,7.667662,-0.002488,-5.445708,0.010805,0.082715,0.2,0.0003,0.934274,1250.0
260096,-9.8089,960.0,6.196601,9.479316,-0.006274,-5.469951,0.005836,0.090283,0.2,0.0003,0.933284,1260.0
262144,-11.3945,960.0,5.184107,7.966345,-0.009368,-5.26806,0.021313,0.14126,0.2,0.0003,0.927544,1270.0
264192,-6.9457,960.0,3.157539,8.989665,-0.003183,-5.488734,0.0178,0.099902,0.2,0.0003,0.927222,1280.0
266240,-8.0001,960.0,2.743175,6.171241,0.001922,-5.583111,0.018783,0.201563,0.2,0.0003,0.958167,1290.0
268288,-6.7898,960.0,2.424234,6.383863,-0.002207,-5.541895,0.011951,0.127832,0.2,0.0003,0.911393,1300.0
270336,-7.9777,960.0,2.688123,5.317524,0.007365,-5.686628,0.013589,0.20459,0.2,0.0003,0.963644,1310.0
272384,-9.2619,960.0,2.459149,6.922576,-0.004746,-5.570591,0.01276,0.095264,0.2,0.0003,0.929268,1320.0
274432,-8.9836,960.0,3.196771,7.722976,-0.009248,-5.405877,0.013376,0.104004,0.2,0.0003,0.907336,1330.0
276480,-6.3998,960.0,2.796201,7.163892,-0.006517,-5.466362,0.010028,0.098242,0.2,0.0003,0.897385,1340.0
278528,-2.9126,960.0,2.725986,6.664263,0.00292,-5.463817,0.009901,0.09751,0.2,0.0003,0.886749,1350.0
280576,-1.08,960.0,2.605666,6.568233,-0.002185,-5.465194,0.009095,0.145801,0.2,0.0003,0.937575,1360.0
282624,-1.1955,960.0,2.79518,4.856464,-0.001362,-5.506412,0.009127,0.191797,0.2,0.0003,0.964026,1370.0
284672,0.0939,960.0,1.994091,6.033449,-0.00294,-5.416738,0.012761,0.194678,0.2,0.0003,0.949234,1380.0
286720,-1.5042,960.0,1.976212,5.607782,-0.003388,-5.353648,0.00835,0.106201,0.2,0.0003,0.911997,1390.0
288768,-3.6232,960.0,2.770097,5.101442,-0.002143,-5.431396,0.009212,0.170703,0.2,0.0003,0.953779,1400.0
290816,-1.7378,960.0,2.807826,6.439188,-0.000266,-5.427553,0.008623,0.110937,0.2,0.0003,0.928359,1410.0
292864,-3.2833,960.0,2.638707,6.425825,-0.006704,-5.42759,0.01331,0.119043,0.2,0.0003,0.934923,1420.0
294912,-1.3471,960.0,2.894818,7.813008,0.0003,-5.29737,0.010769,0.116504,0.2,0.0003,0.905919,1430.0
296960,2.4316,960.0,3.702032,7.869932,0.002946,-5.340953,0.047832,0.090186,0.2,0.0003,0.917888,1440.0
299008,3.5855,960.0,3.537436,6.973733,-0.004554,-5.338357,0.011779,0.087256,0.2,0.0003,0.950957,1450.0
301056,3.5502,960.0,3.243812,5.712603,-0.0044,-5.310248,0.02974,0.130176,0.2,0.0003,0.943151,1460.0
303104,5.1653,960.0,4.560266,5.9433,-0.001484,-5.282249,0.008605,0.161426,0.2,0.0003,0.95062,1470.0
305152,6.6292,960.0,,,,,,,,,,
307200,6.9691,960.0,2.11661,6.017185,0.005482,-5.182188,0.010654,0.167725,0.2,0.0003,0.951499,1490.0
309248,8.7488,960.0,3.075871,7.528473,-0.000253,-5.180326,0.019776,0.141943,0.2,0.0003,0.930917,1500.0
311296,10.4503,960.0,3.656289,6.22964,0.000951,-5.236506,0.010221,0.124121,0.2,0.0003,0.959234,1510.0
313344,9.6484,960.0,3.136599,6.03646,-0.002765,-5.229394,0.015359,0.165625,0.2,0.0003,0.955783,1520.0
315392,11.6459,960.0,2.453746,5.856792,0.013571,-5.261687,0.024347,0.229834,0.2,0.0003,0.93756,1530.0
317440,12.3483,960.0,2.671577,6.567411,-0.003719,-5.199638,0.009201,0.118164,0.2,0.0003,0.94647,1540.0
319488,13.2048,960.0,1.43791,5.88754,-0.003424,-5.079077,0.007717,0.087988,0.2,0.0003,0.9244,1550.0
321536,16.0133,960.0,3.632564,5.915828,-0.001755,-5.182179,0.017792,0.215332,0.2,0.0003,0.959488,1560.0
323584,13.254,960.0,4.665348,7.560054,-0.005449,-5.200949,0.010368,0.182715,0.2,0.0003,0.925352,1570.0
325632,14.7958,960.0,3.411466,6.413588,-0.000452,-5.142896,0.009735,0.148438,0.2,0.0003,0.904576,1580.0
327680,11.9896,960.0,4.42297,7.78614,-0.003498,-5.087793,0.014495,0.079541,0.2,0.0003,0.924166,1590.0
329728,15.3801,960.0,2.732401,6.705982,-0.001591,-4.979736,0.00806,0.087354,0.2,0.0003,0.838422,1600.0
331776,14.3791,960.0,2.829072,6.548784,-0.002526,-5.217644,0.006449,0.052246,0.2,0.0003,0.922213,1610.0
333824,17.8526,960.0,2.977389,7.438878,-0.006602,-5.094481,0.010789,0.092969,0.2,0.0003,0.925464,1620.0
335872,18.3111,960.0,1.943609,5.039173,-0.00518,-5.182885,0.014056,0.189697,0.2,0.0003,0.958579,1630.0
337920,19.5424,960.0,2.643806,6.271627,-0.004603,-5.075307,0.014728,0.187891,0.2,0.0003,0.961837,1640.0
339968,19.8533,960.0,4.788454,7.621282,-0.004298,-4.937385,0.009946,0.125977,0.2,0.0003,0.930564,1650.0
342016,21.3474,960.0,3.029846,7.217203,-0.005971,-4.924679,0.010682,0.06499,0.2,0.0003,0.925385,1660.0
344064,21.8304,960.0,2.536037,5.914601,-0.005104,-5.077297,0.024564,0.115137,0.2,0.0003,0.961897,1670.0
346112,21.1978,960.0,2.859661,6.25788,-0.003743,-5.004677,0.011185,0.14707,0.2,0.0003,0.959648,1680.0
348160,19.4749,960.0,2.271686,5.581569,-0.001151,-5.109484,0.015153,0.141748,0.2,0.0003,0.955668,1690.0
350208,17.4791,960.0,4.371342,8.618347,-0.00455,-4.920253,0.009959,0.102197,0.2,0.0003,0.923283,1700.0
352256,18.0491,960.0,3.479278,6.374973,-0.002896,-4.811706,0.010927,0.152881,0.2,0.0003,0.92187,1710.0
354304,23.3224,960.0,4.590748,8.369121,-0.001876,-4.784396,0.010645,0.138086,0.2,0.0003,0.918358,1720.0
356352,25.0814,960.0,3.525182,7.046373,-0.004371,-4.911644,0.012216,0.123682,0.2,0.0003,0.947372,1730.0
358400,24.3326,960.0,3.019596,7.0546,-0.002108,-4.784164,0.016231,0.11499,0.2,0.0003,0.941538,1740.0
360448,20.556,960.0,5.183871,8.129263,-0.000532,-4.816689,0.007333,0.118701,0.2,0.0003,0.942771,1750.0
362496,23.5654,960.0,3.057232,6.929126,0.001661,-4.724131,0.012134,0.102002,0.2,0.0003,0.892647,1760.0
364544,23.6472,960.0,2.741321,7.62173,0.000655,-4.85213,0.011352,0.124268,0.2,0.0003,0.943237,1770.0
366592,23.1037,960.0,2.927607,7.423622,0.006058,-4.926882,0.038838,0.180029,0.2,0.0003,0.965094,1780.0
368640,24.2816,960.0,1.750747,5.24467,-0.002021,-4.84854,0.012294,0.140186,0.2,0.0003,0.962095,1790.0
370688,24.8253,960.0,3.427702,9.092457,-0.004877,-4.747557,0.010374,0.134082,0.2,0.0003,0.922074,1800.0
372736,26.6043,960.0,5.103563,8.366513,-0.002384,-4.804786,0.01204,0.150635,0.2,0.0003,0.948384,1810.0
374784,26.0124,960.0,4.151678,8.93388,0.011185,-4.877276,0.576218,0.11123,0.2,0.0003,0.935655,1820.0
376832,26.4329,960.0,4.932371,9.052668,-0.003769,-4.73994,0.007743,0.074023,0.2,0.0003,0.93127,1830.0
378880,26.3713,960.0,3.880905,6.264986,0.001894,-4.851915,0.026261,0.204395,0.2,0.0003,0.964356,1840.0
380928,28.1262,960.0,2.013485,4.814924,-0.000719,-4.895153,0.011442,0.157715,0.2,0.0003,0.975242,1850.0
382976,26.2739,960.0,1.917947,6.176456,-0.006486,-4.886772,0.008963,0.081396,0.2,0.0003,0.949707,1860.0
385024,26.9574,960.0,2.109787,5.645145,-0.00285,-4.748358,0.009145,0.059619,0.2,0.0003,0.899742,1870.0
387072,25.9041,960.0,2.052616,7.032954,-0.000314,-4.900344,0.006238,0.077393,0.2,0.0003,0.946802,1880.0
389120,26.4391,960.0,2.605509,5.542111,-0.005413,-4.814346,0.007812,0.084961,0.2,0.0003,0.956579,1890.0
391168,25.0575,960.0,3.670681,6.659167,-0.003034,-4.764774,0.00972,0.086084,0.2,0.0003,0.908319,1900.0
393216,25.4395,960.0,3.953652,7.545207,-0.001028,-4.77293,0.021644,0.078467,0.2,0.0003,0.925805,1910.0
395264,26.3724,960.0,2.691235,6.141691,-0.005655,-4.765491,0.011854,0.102002,0.2,0.0003,0.946831,1920.0
397312,25.5861,960.0,2.316381,5.672187,-0.005884,-4.797996,0.009454,0.108057,0.2,0.0003,0.960377,1930.0
399360,26.8644,960.0,4.78887,7.302838,0.001673,-4.689722,0.012944,0.102686,0.2,0.0003,0.912122,1940.0
401408,26.4491,960.0,2.966231,8.25965,-0.003044,-4.768158,0.010528,0.123682,0.2,0.0003,0.911915,1950.0
403456,25.1814,960.0,4.659905,8.926485,-0.001811,-4.778254,0.008991,0.07832,0.2,0.0003,0.911311,1960.0
405504,25.9836,960.0,3.646262,5.438455,-0.002571,-4.754303,0.030318,0.150049,0.2,0.0003,0.955859,1970.0
407552,23.9034,960.0,2.475957,6.291097,-0.001943,-4.70364,0.006973,0.086133,0.2,0.0003,0.94124,1980.0
409600,25.3981,960.0,2.504752,6.064041,-0.002322,-4.57108,0.014221,0.129053,0.2,0.0003,0.940501,1990.0
411648,26.0844,960.0,2.809763,7.127869,-0.002964,-4.531658,0.023925,0.159814,0.2,0.0003,0.95042,2000.0
413696,27.9449,960.0,2.664706,6.742471,0.009575,-4.50801,0.026567,0.134424,0.2,0.0003,0.952303,2010.0
415744,26.3677,960.0,1.987815,6.545797,-0.000264,-4.494961,0.011301,0.113232,0.2,0.0003,0.957902,2020.0
417792,27.2989,960.0,3.202385,6.030094,-0.002151,-4.435544,0.008394,0.090771,0.2,0.0003,0.95941,2030.0
419840,29.0033,960.0,4.010976,6.338135,0.004914,-4.52766,0.014397,0.166357,0.2,0.0003,0.967726,2040.0
421888,27.3082,960.0,1.672187,5.167961,0.001326,-4.650823,0.016493,0.123047,0.2,0.0003,0.978017,2050.0
423936,30.3689,960.0,1.646028,4.651038,-0.00282,-4.595196,0.033373,0.126221,0.2,0.0003,0.973638,2060.0
425984,29.1732,960.0,1.78381,5.192182,-0.002753,-4.528913,0.007397,0.087646,0.2,0.0003,0.948529,2070.0
428032,30.8631,960.0,1.755678,5.592643,-0.004697,-4.516575,0.005704,0.056348,0.2,0.0003,0.931451,2080.0
430080,30.9485,960.0,2.480144,5.716287,-0.002025,-4.600801,0.010987,0.135254,0.2,0.0003,0.966056,2090.0
432128,29.4721,960.0,3.62169,8.472225,-0.006262,-4.579883,0.010028,0.10708,0.2,0.0003,0.943398,2100.0
434176,28.7349,960.0,2.537875,5.963542,-0.003082,-4.61822,0.015664,0.108203,0.2,0.0003,0.948839,2110.0
436224,29.0127,960.0,2.434,5.594885,-0.002618,-4.633428,0.011407,0.105762,0.2,0.0003,0.909515,2120.0
438272,26.7228,960.0,2.402234,5.647605,0.001129,-4.650507,0.005845,0.090234,0.2,0.0003,0.94517,2130.0
440320,25.2094,960.0,1.692304,4.236503,-0.004242,-4.618973,0.014144,0.087012,0.2,0.0003,0.914417,2140.0
442368,24.0068,960.0,2.924034,5.328019,-0.004179,-4.668638,0.012803,0.096338,0.2,0.0003,0.932691,2150.0
444416,23.9701,960.0,1.710956,3.742537,0.00121,-4.690471,0.017493,0.154932,0.2,0.0003,0.963449,2160.0
446464,25.1941,960.0,2.285978,4.923546,-0.003054,-4.675177,0.008311,0.103223,0.2,0.0003,0.951674,2170.0
448512,26.0238,960.0,2.419988,4.623876,-0.006715,-4.587617,0.018675,0.113672,0.2,0.0003,0.964953,2180.0
450560,25.894,960.0,3.567608,8.270177,0.008062,-4.550688,0.012593,0.193213,0.2,0.0003,0.906029,2190.0
452608,27.171,960.0,3.311379,6.227882,-0.00412,-4.639103,0.008662,0.068799,0.2,0.0003,0.952274,2200.0
454656,27.591,960.0,2.500031,4.952306,0.001078,-4.648154,0.009956,0.141699,0.2,0.0003,0.961175,2210.0
456704,32.0477,960.0,,,,,,,,,,
458752,27.897,960.0,2.476131,6.071235,-0.00489,-4.624398,0.009579,0.08999,0.2,0.0003,0.950399,2230.0
460800,29.9551,960.0,1.455438,3.938848,-0.000518,-4.623575,0.018322,0.089063,0.2,0.0003,0.952587,2240.0
462848,28.1704,960.0,4.293153,7.483635,-0.00443,-4.693008,0.010521,0.120752,0.2,0.0003,0.938503,2250.0
464896,29.7079,960.0,1.545515,4.698207,-0.002689,-4.661364,0.006724,0.068359,0.2,0.0003,0.969128,2260.0
466944,30.6269,960.0,2.447203,5.466125,-0.005739,-4.715283,0.010407,0.076074,0.2,0.0003,0.939677,2270.0
468992,29.0741,960.0,3.172581,7.173517,-0.002726,-4.778048,0.011786,0.164355,0.2,0.0003,0.944623,2280.0
471040,28.8215,960.0,1.998839,5.816345,-0.000406,-4.647424,0.007605,0.113428,0.2,0.0003,0.923701,2290.0
473088,28.7934,960.0,3.231645,6.877185,-0.002168,-4.743139,0.01015,0.105322,0.2,0.0003,0.936719,2300.0
475136,26.7454,960.0,2.515145,6.729582,-0.000916,-4.741315,0.00624,0.112549,0.2,0.0003,0.964045,2310.0
477184,29.1967,960.0,2.261218,5.935136,-0.003303,-4.723702,0.023315,0.108936,0.2,0.0003,0.955339,2320.0
479232,31.6694,960.0,3.200336,7.522792,0.000238,-4.738775,0.013919,0.125,0.2,0.0003,0.95328,2330.0
481280,29.5495,960.0,1.424427,5.058158,-0.005794,-4.71759,0.018466,0.148682,0.2,0.0003,0.971307,2340.0
483328,28.4484,960.0,3.26798,5.392981,-0.000311,-4.538272,0.009113,0.147021,0.2,0.0003,0.928883,2350.0
485376,29.731,960.0,1.859466,6.390963,-0.002042,-4.548445,0.009023,0.077979,0.2,0.0003,0.958347,2360.0
487424,30.2456,960.0,4.731021,8.525085,0.005005,-4.64195,0.008004,0.1021,0.2,0.0003,0.943998,2370.0
489472,27.8492,960.0,4.649537,7.328315,-0.001781,-4.595599,0.037288,0.113428,0.2,0.0003,0.948981,2380.0
491520,25.1522,960.0,2.568976,6.594457,-0.002956,-4.522249,0.010596,0.064355,0.2,0.0003,0.911772,2390.0
493568,25.8842,960.0,3.94703,8.187549,-0.005591,-4.484798,0.009127,0.088672,0.2,0.0003,0.931806,2400.0
495616,27.0834,960.0,2.431665,4.253793,0.005981,-4.9794,0.029943,0.185547,0.2,0.0003,0.969082,2410.0
497664,26.7368,960.0,1.72978,4.026737,-0.002212,-4.910189,0.01083,0.168701,0.2,0.0003,0.975928,2420.0
499712,25.433,960.0,1.896,4.67388,0.004148,-4.802396,0.017882,0.136572,0.2,0.0003,0.946267,2430.0
501760,24.2525,960.0,1.799141,5.106112,-0.004205,-4.548228,0.007097,0.063428,0.2,0.0003,0.926247,2440.0
503808,23.5552,960.0,1.213468,3.996027,0.000268,-4.720876,0.018666,0.113135,0.2,0.0003,0.950271,2450.0
505856,21.2896,960.0,2.5923,5.493144,0.000144,-4.609449,0.007952,0.109766,0.2,0.0003,0.857392,2460.0
507904,19.1553,960.0,3.146767,5.196026,-0.000857,-4.676179,0.008113,0.076416,0.2,0.0003,0.959403,2470.0
509952,17.8768,960.0,3.660383,5.675123,0.018217,-4.717626,1.290432,0.17666,0.2,0.0003,0.959948,2480.0
512000,19.3159,960.0,2.2572,4.354994,-0.002724,-4.745822,0.012215,0.133838,0.2,0.0003,0.968078,2490.0
514048,18.0014,960.0,2.426757,6.269905,-0.002737,-4.650115,0.006607,0.068408,0.2,0.0003,0.934478,2500.0
516096,17.763,960.0,2.57902,4.483722,-0.003018,-4.82286,0.015037,0.105029,0.2,0.0003,0.961316,2510.0
518144,20.5355,960.0,3.88472,5.382217,-0.0002,-4.883887,0.017876,0.126562,0.2,0.0003,0.962628,2520.0
520192,18.9604,960.0,3.406101,6.708592,-0.004798,-4.921266,0.009086,0.096973,0.2,0.0003,0.937603,2530.0
522240,19.9296,960.0,2.563189,5.411657,-0.006992,-4.789477,0.009138,0.11875,0.2,0.0003,0.946752,2540.0
524288,18.1714,960.0,3.425615,6.155274,-0.006934,-4.832649,0.010763,0.10415,0.2,0.0003,0.95178,2550.0
526336,18.3772,960.0,4.194639,5.657799,-0.005516,-4.755387,0.009015,0.083398,0.2,0.0003,0.958127,2560.0
528384,19.2827,960.0,1.913633,5.087772,0.000275,-4.934776,0.020345,0.175977,0.2,0.0003,0.963893,2570.0
530432,20.4742,960.0,1.882178,4.532688,-0.002383,-5.040589,0.013557,0.157227,0.2,0.0003,0.971302,2580.0
532480,23.2856,960.0,2.006348,4.696004,-0.003075,-5.011201,0.012606,0.12085,0.2,0.0003,0.958112,2590.0
534528,25.764,960.0,2.662924,4.808376,0.001148,-4.999033,0.009079,0.138965,0.2,0.0003,0.968153,2600.0
536576,25.8337,960.0,3.070593,5.276109,-0.002224,-5.085339,0.018283,0.119775,0.2,0.0003,0.965912,2610.0
538624,26.0789,960.0,1.489015,4.731986,-0.004738,-5.034099,0.01817,0.111816,0.2,0.0003,0.953842,2620.0
540672,28.1922,960.0,3.246537,6.638239,-0.003903,-4.931387,0.009004,0.070557,0.2,0.0003,0.961197,2630.0
542720,30.6398,960.0,2.305455,5.113658,-0.001239,-5.119452,0.011791,0.11626,0.2,0.0003,0.968741,2640.0
544768,29.9416,960.0,2.369749,5.858782,0.003996,-5.064974,0.009131,0.179883,0.2,0.0003,0.966297,2650.0
546816,28.4012,960.0,2.195363,5.56717,-0.006623,-5.039886,0.010253,0.088623,0.2,0.0003,0.953304,2660.0
548864,27.362,960.0,3.196266,5.496044,-0.002653,-4.898821,0.006467,0.078711,0.2,0.0003,0.946315,2670.0
550912,26.0462,960.0,2.951355,6.553042,-0.004201,-4.858191,0.010318,0.134424,0.2,0.0003,0.916256,2680.0
552960,26.6617,960.0,2.158696,4.364495,-0.003394,-4.969149,0.009183,0.144092,0.2,0.0003,0.95648,2690.0
555008,28.6111,960.0,3.094231,6.838564,-0.006148,-5.027291,0.009259,0.099219,0.2,0.0003,0.946077,2700.0
557056,28.0928,960.0,1.647,4.490489,0.000732,-5.004067,0.010637,0.122266,0.2,0.0003,0.961911,2710.0
559104,28.0442,960.0,4.222102,4.840217,0.000378,-5.124662,0.011257,0.174561,0.2,0.0003,0.974296,2720.0
561152,28.1583,960.0,1.886376,6.178547,-0.003057,-4.901586,0.009996,0.100537,0.2,0.0003,0.949964,2730.0
563200,28.3085,960.0,1.531218,4.29415,-0.004597,-5.120903,0.009341,0.139453,0.2,0.0003,0.962028,2740.0
565248,28.1453,960.0,2.401619,5.97016,-0.001578,-5.101011,0.007143,0.089746,0.2,0.0003,0.960182,2750.0
567296,26.7205,960.0,2.750512,4.844228,-0.007059,-5.048723,0.018419,0.116602,0.2,0.0003,0.96986,2760.0
569344,26.6768,960.0,3.214381,6.174055,-0.002411,-5.040088,0.007397,0.068213,0.2,0.0003,0.962096,2770.0
571392,27.4703,960.0,2.423415,6.278505,-0.003776,-5.029344,0.008864,0.09165,0.2,0.0003,0.964559,2780.0
573440,24.3057,960.0,3.033421,6.380378,-0.000391,-5.184387,0.012919,0.106104,0.2,0.0003,0.959083,2790.0
575488,22.8327,960.0,1.760277,5.032138,0.003153,-4.967701,0.008862,0.131836,0.2,0.0003,0.93631,2800.0
577536,26.264,960.0,1.935953,5.075006,0.003077,-5.154298,0.017841,0.134961,0.2,0.0003,0.951255,2810.0
579584,29.1399,960.0,2.413235,4.318108,0.01456,-5.138721,0.010408,0.206445,0.2,0.0003,0.945655,2820.0
581632,29.3315,960.0,1.757157,3.957576,-0.002663,-5.214598,0.008491,0.098145,0.2,0.0003,0.945214,2830.0
583680,28.8657,960.0,2.543756,4.663997,-0.00526,-5.179921,0.01325,0.125439,0.2,0.0003,0.951087,2840.0
585728,31.7869,960.0,3.156574,6.529588,-0.004241,-4.936885,0.006216,0.074365,0.2,0.0003,0.935018,2850.0
587776,32.1859,960.0,4.15337,6.22839,0.001148,-5.221553,0.038903,0.177588,0.2,0.0003,0.954536,2860.0
589824,31.3004,960.0,3.761872,5.27703,-0.003534,-5.107817,0.009217,0.107324,0.2,0.0003,0.946913,2870.0
591872,31.2974,960.0,2.920485,5.884825,-0.004948,-5.028705,0.010676,0.112109,0.2,0.0003,0.945292,2880.0
593920,33.4351,960.0,4.13306,6.817494,-0.002702,-5.088827,0.012059,0.159131,0.2,0.0003,0.946709,2890.0
595968,36.1998,960.0,1.361891,3.709513,0.00158,-4.96367,0.025269,0.166455,0.2,0.0003,0.94903,2900.0
598016,35.2995,960.0,1.230638,4.061607,-0.005,-4.969875,0.010236,0.119434,0.2,0.0003,0.953863,2910.0
600064,39.4629,960.0,2.36062,6.399483,-0.000936,-4.758259,0.00896,0.108643,0.2,0.0003,0.939064,2920.0
602112,41.7944,960.0,2.623732,5.531323,0.002256,-4.96734,0.015305,0.177637,0.2,0.0003,0.954665,2930.0
604160,42.8868,960.0,1.924672,5.739112,-0.004228,-4.910464,0.012498,0.159912,0.2,0.0003,0.959728,2940.0
606208,43.0419,960.0,1.260712,4.432716,0.004866,-4.970969,0.187759,0.144678,0.2,0.0003,0.958165,2950.0
